1,Giovanna Alessandra Gabrielly Santos,giovannaalessandra@ambarnet.com.br,63281659861,6135014138
2,Clarice Isabela da Mota,clariceisabeladamota@marktechbr.com.br,47918291077,8326046917
3,Carolina Lorena da Rocha,ccarolinalorenadarocha@infilink.com.br,05261343488,2127458888
4,Raul Roberto Lopes,raulrobertolopes_@rabelloadvogados.com.br,17664998808,9637191723
5,Elza Sophia Porto,elzasophiaporto_@hotrmail.com,04111476686,6737055052
6,Alice Maitê Galvão,alicemaitegalvao@aulicinobastos.com.br,44417302847,8228871564
7,Analu Melissa Marli Corte Real,analumelissamarlicortereal@truckeixo.com.br,92525122925,92987610507
8,Marli Beatriz Maitê Nogueira,marlibeatrizmaitenogueira_@numero.com.br,68261281280,8638325935
9,Clarice Louise Josefa Caldeira,claricelouisejosefacaldeira@daimler.com,50751106909,11999777542
10,Luana Sara da Mata,luanasaradamata-72@regler.com.br,45426550085,95998809466
11,Henrique Benedito de Paula,henriquebeneditodepaula@marktechbr.com.br,25672067956,47995793328
12,Mateus Cláudio Victor Jesus,mmateusclaudiovictorjesus@bidoul.eng.br,10660261901,9639252772
13,José Hugo Moreira,josehugomoreira@oerlikon.com,87485959000,21993378471
14,Carla Sônia da Rocha,carlasoniadarocha.com.br,56809082638,8237531681
15,Lorenzo Martin Eduardo Melo,llorenzomartineduardomelo@dmadvogados.com,38660920830,6729227928
16,Patrícia Vera da Conceição,patriciaveradaconceicao_@uel.br,00855409606,2125903169
17,Ester Elaine Rocha,esterelainerocha..esterelainerocha@akadnyx.com.br,74398048480,6135045463
18,Gabriela Cláudia Cavalcanti,gabrielaclaudiacavalcanti_@cavalinho.srv.br,24168143546,2136272716
19,Kauê Marcos Tomás Alves,kauemarcostomasalves@bol.co.br,27185602157,8427802846
20,Milena Gabrielly Carolina Carvalho,milenagabriellycarolina@deca.com.br,96674719005,6727179628